Race,Name
1,Bahrain Grand Prix
2,Emilia Romagna Grand Prix
3,Portuguese Grand Prix
4,Spanish Grand Prix
5,Monaco Grand Prix
6,Azerbaijan Grand Prix
7,French Grand Prix
8,Styrian Grand Prix
9,Austrian Grand Prix
10,British Grand Prix
11,Hungarian Grand Prix
12,Belgian Grand Prix
13,Dutch Grand Prix
14,Italian Grand Prix
15,Russian Grand Prix
16,Turkish Grand Prix
17,United States Grand Prix
18,Mexico City Grand Prix
19,Sao Paulo Grand Prix
20,Qatar Grand Prix
21,Saudi Arabian Grand Prix
22,Abu Dhabi Grand Prix
